
a. Import the SQL file provided.
b. Find the count of all the customers who have first names start with J.
mysql> select count(fname) from customer where fname like "j%";
+--------------+
| count(fname) |
+--------------+
|            3 |
+--------------+
1 row in set (0.00 sec)

c. List all the names of the gurage in margao.
mysql> select count(name) from garage where location = "margao";
+-------------+
| count(name) |
+-------------+
|           5 |
+-------------+
1 row in set (0.01 sec)

d. List all gurage that belong to Bajaj and Suzuki but not Honda.
mysql> select garage.name from garage inner join Company on garage.company_id = Company.Company_id where Company.name = "Bajaj" or Company.name = "Suzuki";
+----------+
| name     |
+----------+
| Garage1  |
| Garage2  |
| Garage3  |
| Garage4  |
| Garage5  |
| Garage11 |
| Garage14 |
| Garage12 |
| Garage13 |
| Garage15 |
+----------+
10 rows in set (0.00 sec)

e. name of the company that has the most about of customers.
mysql> select Company.name from Company where company_id = (select company_id from company_customer group by company_id order by count(*) desc limit 1);
+--------+
| name   |
+--------+
| Suzuki |
+--------+
1 row in set (0.01 sec)


f. Update customer name from Jon to John.

mysql> update  customer set fname = "John" where fname = "jon";
Query OK, 1 row affected (0.05 sec)
Rows matched: 1  Changed: 1  Warnings: 0

mysql> select * from customer;
+-------------+---------+-----------+
| customer_id | fname   | lname     |
+-------------+---------+-----------+
|           1 | Micheal | Snow      |
|           2 | Jane    | Fernandes |
|           3 | Aliston | Ball      |
|           4 | John    | Snow      |
|           5 | Brandon | Sing      |
|           6 | Zane    | Khan      |
|           7 | Gale    | Waters    |
|           8 | Mint    | Micheale  |
|           9 | Boa     | Bing      |
|          10 | Phillip | Origami   |
|          11 | James   | Ball      |
|          12 | Ian     | Sing      |
+-------------+---------+-----------+
12 rows in set (0.01 sec)

g. Add a new column to customer - Date_of_birth date.

mysql> alter table customer add Date_of_birth date;
Query OK, 0 rows affected (0.54 sec)
Records: 0  Duplicates: 0  Warnings: 0

mysql> select * from customer;
+-------------+---------+-----------+---------------+
| customer_id | fname   | lname     | Date_of_birth |
+-------------+---------+-----------+---------------+
|           1 | Micheal | Snow      | NULL          |
|           2 | Jane    | Fernandes | NULL          |
|           3 | Aliston | Ball      | NULL          |
|           4 | John    | Snow      | NULL          |
|           5 | Brandon | Sing      | NULL          |
|           6 | Zane    | Khan      | NULL          |
|           7 | Gale    | Waters    | NULL          |
|           8 | Mint    | Micheale  | NULL          |
|           9 | Boa     | Bing      | NULL          |
|          10 | Phillip | Origami   | NULL          |
|          11 | James   | Ball      | NULL          |
|          12 | Ian     | Sing      | NULL          |
+-------------+---------+-----------+---------------+
12 rows in set (0.00 sec)

h. Get the count of the number of bikes sold in the month of september by bajaj.

mysql> select count(bike_id) from buy where month(date_of_purchase) = "09" and company_customer_id in (select company_customer_id from company_customer where company_id in  (select company_id from Company where name  = "Bajaj"));
+----------------+
| count(bike_id) |
+----------------+
|              1 |
+----------------+
1 row in set (0.00 sec)

i. Get names of customers who have bought a bike from ‘Honda’
mysql> select fname from customer where customer_id in (select customer_id from company_customer where company_id in (select company_id from Company where name = "Honda"));
+---------+
| fname   |
+---------+
| Micheal |
| Jane    |
| Aliston |
| John    |
| Brandon |
+---------+
5 rows in set (0.00 sec)



j. Get a list of all distinct last names of customers.

mysql> select Distinct lname from customer;
+-----------+
| lname     |
+-----------+
| Snow      |
| Fernandes |
| Ball      |
| Sing      |
| Khan      |
| Waters    |
| Micheale  |
| Bing      |
| Origami   |
+-----------+
9 rows in set (0.00 sec)

